SET IDENTITY_INSERT [MenuItem] ON;
INSERT INTO [MenuItem] (ID, Name, Price, Description, Station_ID) VALUES (1, 'Caramel Macchiato', 4.99, 'Rich espresso with caramel and steamed milk', 1);
INSERT INTO [MenuItem] (ID, Name, Price, Description, Station_ID) VALUES (2, 'Glazed Doughnut', 2.49, 'Classic ring-shaped doughnut with sweet glaze', 3);
INSERT INTO [MenuItem] (ID, Name, Price, Description, Station_ID) VALUES (3, 'Fruit Explosion Bowl', 6.99, 'Fresh mixed fruits with a drizzle of honey', 4);
INSERT INTO [MenuItem] (ID, Name, Price, Description, Station_ID) VALUES (4, 'Mocha Frappuccino', 5.99, 'Creamy coffee-chocolate blend with whipped cream', 1);
INSERT INTO [MenuItem] (ID, Name, Price, Description, Station_ID) VALUES (5, 'Blueberry Muffin', 3.49, 'Moist muffin bursting with blueberries', 2);
INSERT INTO [MenuItem] (ID, Name, Price, Description, Station_ID) VALUES (6, 'Smoothie Sensation', 4.99, 'Blended fruit smoothie with yogurt and honey', 5);
INSERT INTO [MenuItem] (ID, Name, Price, Description, Station_ID) VALUES (7, 'Espresso Shot', 1.99, 'A quick pick-me-up of pure espresso', 1);
INSERT INTO [MenuItem] (ID, Name, Price, Description, Station_ID) VALUES (8, 'Nutella-Filled Donut', 3.99, 'Soft donut filled with luscious Nutella', 3);
INSERT INTO [MenuItem] (ID, Name, Price, Description, Station_ID) VALUES (9, 'Greek Yogurt Parfait', 4.49, 'Layers of yogurt, granola, and fresh berries', 4);
INSERT INTO [MenuItem] (ID, Name, Price, Description, Station_ID) VALUES (10, 'Chai Latte', 4.49, 'Spiced black tea with steamed milk and foam', 1);
INSERT INTO [MenuItem] (ID, Name, Price, Description, Station_ID) VALUES (11, 'Cinnamon Roll', 3.99, 'Sweet and gooey cinnamon-swirl pastry', 2);
INSERT INTO [MenuItem] (ID, Name, Price, Description, Station_ID) VALUES (12, 'Breakfast Burrito', 5.49, 'Scrambled eggs, cheese, and veggies in a tortilla', 4);
INSERT INTO [MenuItem] (ID, Name, Price, Description, Station_ID) VALUES (13, 'Iced Green Tea', 3.99, 'Refreshing green tea served over ice', 1);
INSERT INTO [MenuItem] (ID, Name, Price, Description, Station_ID) VALUES (14, 'Chocolate Croissant', 3.49, 'Buttery croissant with a chocolate filling', 2);
INSERT INTO [MenuItem] (ID, Name, Price, Description, Station_ID) VALUES (15, 'Veggie Wrap', 6.49, 'Fresh vegetables and hummus in a whole-wheat wrap', 4);
INSERT INTO [MenuItem] (ID, Name, Price, Description, Station_ID) VALUES (16, 'Americano', 2.99, 'Strong black coffee with hot water', 1);
INSERT INTO [MenuItem] (ID, Name, Price, Description, Station_ID) VALUES (17, 'Apple Fritter', 3.99, 'Deep-fried pastry filled with spiced apples', 2);
INSERT INTO [MenuItem] (ID, Name, Price, Description, Station_ID) VALUES (18, 'Caprese Salad', 7.49, 'Fresh tomatoes, mozzarella, and basil drizzled with balsamic', 4);
INSERT INTO [MenuItem] (ID, Name, Price, Description, Station_ID) VALUES (19, 'Decaf Latte', 4.99, 'Smooth decaffeinated latte with frothy milk', 1);
INSERT INTO [MenuItem] (ID, Name, Price, Description, Station_ID) VALUES (20, 'Chocolate Milkshake', 5.49, 'Rich chocolate shake topped with whipped cream', 5);
INSERT INTO [MenuItem] (ID, Name, Price, Description, Station_ID) VALUES (21, 'Latte Macaron', 4.49, 'Espresso and steamed milk with a sweet macaron', 1);
INSERT INTO [MenuItem] (ID, Name, Price, Description, Station_ID) VALUES (22, 'Lemon Poppy Seed Cake', 3.99, 'Zesty lemon cake with poppy seeds', 2);
INSERT INTO [MenuItem] (ID, Name, Price, Description, Station_ID) VALUES (23, 'Pomegranate Paradise', 5.49, 'Pomegranate and berry smoothie with a hint of mint', 5);
INSERT INTO [MenuItem] (ID, Name, Price, Description, Station_ID) VALUES (24, 'Affogato', 5.99, 'Vanilla ice cream drowned in a shot of espresso', 1);
INSERT INTO [MenuItem] (ID, Name, Price, Description, Station_ID) VALUES (25, 'Cinnamon Sugar Donut', 2.99, 'Fluffy donut dusted with cinnamon and sugar', 3);
INSERT INTO [MenuItem] (ID, Name, Price, Description, Station_ID) VALUES (26, 'Mediterranean Wrap', 6.99, 'Hummus, falafel, and fresh veggies in a wrap', 4);
INSERT INTO [MenuItem] (ID, Name, Price, Description, Station_ID) VALUES (27, 'Cold Brew', 4.49, 'Smooth and strong cold-brewed coffee', 1);
INSERT INTO [MenuItem] (ID, Name, Price, Description, Station_ID) VALUES (28, 'Raspberry Danish', 3.49, 'Flaky pastry filled with sweet raspberry jam', 2);
INSERT INTO [MenuItem] (ID, Name, Price, Description, Station_ID) VALUES (29, 'Caesar Salad', 5.99, 'Crisp romaine lettuce with Caesar dressing', 4);
INSERT INTO [MenuItem] (ID, Name, Price, Description, Station_ID) VALUES (30, 'Iced Chai Latte', 4.99, 'Chilled spiced tea with milk and ice', 1);
INSERT INTO [MenuItem] (ID, Name, Price, Description, Station_ID) VALUES (31, 'Chocolate Chip Scone', 3.99, 'Buttery scone with chocolate chips', 2);
INSERT INTO [MenuItem] (ID, Name, Price, Description, Station_ID) VALUES (32, 'Turkey & Avocado Panini', 6.49, 'Turkey, avocado, and Swiss cheese on grilled ciabatta', 4);
INSERT INTO [MenuItem] (ID, Name, Price, Description, Station_ID) VALUES (33, 'Hazelnut Latte', 4.99, 'Rich latte with a nutty twist of hazelnut', 1);
INSERT INTO [MenuItem] (ID, Name, Price, Description, Station_ID) VALUES (34, 'S''mores Donut', 3.49, 'Donut filled with marshmallow and chocolate', 3);
INSERT INTO [MenuItem] (ID, Name, Price, Description, Station_ID) VALUES (35, 'Quinoa Salad', 6.99, 'Quinoa, mixed vegetables, and lemon vinaigrette', 4);
INSERT INTO [MenuItem] (ID, Name, Price, Description, Station_ID) VALUES (36, 'Hot Chocolate', 4.49, 'Creamy and indulgent hot chocolate', 1);
INSERT INTO [MenuItem] (ID, Name, Price, Description, Station_ID) VALUES (37, 'Almond Croissant', 3.99, 'Flaky croissant with a delightful almond filling', 2);
INSERT INTO [MenuItem] (ID, Name, Price, Description, Station_ID) VALUES (38, 'BBQ Pulled Pork Sandwich', 6.99, 'Slow-cooked pulled pork with barbecue sauce', 4);
INSERT INTO [MenuItem] (ID, Name, Price, Description, Station_ID) VALUES (39, 'Iced Matcha Latte', 4.99, 'Iced green tea latte with a hint of matcha', 1);
INSERT INTO [MenuItem] (ID, Name, Price, Description, Station_ID) VALUES (40, 'Red Velvet Cupcake', 3.49, 'Decadent red velvet cupcake with cream cheese frosting', 2);
SET IDENTITY_INSERT [MenuItem] OFF;

SET IDENTITY_INSERT [Delivery] ON;
INSERT INTO [Delivery] (ID, Name) VALUES (1, 'Main Counter');
INSERT INTO [Delivery] (ID, Name) VALUES (2, 'Drive-Through');
INSERT INTO [Delivery] (ID, Name) VALUES (3, 'Walk-In Counter');
SET IDENTITY_INSERT [Delivery] OFF;

SET IDENTITY_INSERT [Store] ON;
INSERT INTO [Store] (ID, Name) VALUES (1, 'Monmouth');
SET IDENTITY_INSERT [Store] OFF;

SET IDENTITY_INSERT [Station] ON;
INSERT INTO [Station] (ID, Name) VALUES (1, 'Espresso Station');
INSERT INTO [Station] (ID, Name) VALUES (2, 'Pastry Station');
INSERT INTO [Station] (ID, Name) VALUES (3, 'Donut Station');
INSERT INTO [Station] (ID, Name) VALUES (4, 'Food Station');
INSERT INTO [Station] (ID, Name) VALUES (5, 'Smoothies & Shakes Station');
SET IDENTITY_INSERT [Station] OFF;